old_commit,new_commit
de78d61f1386472dc2245ae512b4e39f28cf3ac7,5c810561f742cf4d7c22af87a449e154120e02df
fe49f863a226f1470547704ed70fc15dee18d668,95e970e1cad8f382021491d530d398e55154ef5f
4430b9ed31c332e9884ec3532ad35de263c62cb7,bf20a713247c64b301a383ca0feb693a09a4a1b3
0ce56f8d72dfab516ccc8bffead075db3af9bb8b,5b488b9ab355ab4870dd4a156ed4078b0fa05623
712e28ef20a77f52b4c6e0841e2de9774a0b7552,26758ab3a8dc8e2c8178e055001b2c9ce55bc39b
d8c7e809936863e82efcb3844061a410ad41a24d,068b9384004a5454b7f315064e73d08ce241106b
8f52c6d51a14816ac7480f7366eab4a6fcd83a74,a771ed14ea5b9f618029e85a0baeac4c500ce32c
f2593358702c6483801501127abbd24d12baa70a,60f7c064d1e919c63a25ad941f4054d85ebc94cd
28038712cb2841bc17741160d5a7beae9e18bded,d41055cc52b2c27994441b0b2bb8ca60d7df4ebf
b9060cac10b87d1692893083ed4b231f3f4eb484,ba42edb542af6e8bb4e2e85db34cb01d72674e2f
40f77b5ca431f1500325ac409b0073f91af47df3,a756e6d6a162a10bc81effe8d9226d35c8c1a3d8
657568e975e6001bf7b3220f599f8be6b2b55d6e,7827e3aea30dc2733652d2cd26dcbaed727d0d81
352c6e402f601a76af6366438af8356b63a8067c,3238cef93b9e3ef21c0eab95399f47da354f88a8
abbc2fe840f86b7a7a63672b80a53f7cbc8ca0a0,973c0586b303b9d088f8fc03010ab3d9575b8af8
8439c7b6886d4c13ea759be76aa576cb7e5d2c67,ef647f25035a7675a367d09f9a117f9f4dbe2bd0
898a6f55a3fd0c3e9023b1ee6f92aa081827edaa,17e83d0928359f66c5be7bdc3d544b442d96805c
48429d4c43ce7dc696234bf517a2f14f2123a809,4a746fd48a02e24f45abf1b29eba32a94da8fc74
1d0f85feada0dd551beefc03e17bb23d1dda7317,ef20dcc7eaa393b16c210f7095bd6eaadc4ec6e7
cbaf24ea7bf557e1d48fc5b6768622de6e192958,151db6a8f4da93faaff50fe43aa55fceeda76910
915be60361d93c1a61094e4edf00b7bd442fb5bd,db286ecb9c3f05c57117e6fa62cd1d76105a4435
b4a7e27fc09ac484ae131a3a0a6b9760ee6ef3e2,0cfe666cba315e6e1e3ef48b0a0e6f0d8e945069
6ff6f9d263621514b251fec83a7019caa979845c,ab1e14d310f4efc1bc6092fb832ac19b755f7198
89e884c97606f28fe8a4478a92b5ab839141fb60,ddc05e19e7da5ac22da255ce1fc9284096e94db4
c80f8846451253c66d795cd963730d491f72ec25,1a889ebb47c1336be7af52decfaecda32da0f315
2789c35fb331254bfd22fd4fc3841baf1f133772,49d48ef8d75b29285800ef257019b78ff0a0359f
49376ace7e13f245afc9f1126877c2a9746f996d,e817b47316fc6125065fb64b6793c3425fac6281
116ebc905cf86bb081b66bcf5d9b71a499e89f5a,0a2df1ca4541da43e89af74b4653d9b7cf446da5
2b8faadf3b1be4c44555189fa766c9928d500215,4a566b9ce12f4a0578850410124dd80b02a523fd
d315a6df3cc2658d41af17366de6a31adef7b751,2d0c3fa88f1d40005c0834c39b8e98c6d2ea711c
e33e4c7c60d0f355979027a20d26a5739d5c75f8,4358df8517c1d411227d4dd5486867608bbad1f0
88ae9d882ac35313cf98a64f6a886bbfddaf7411,e737a6a50304d3ff03db60bdf227fff2ef2d916d
d0872d46da23621fae26f95553e22554e7d229f6,929d2f8f8880665c0c06be9f1e6800563563e42e
c932aeadbca1eae9b1d754212137c0fafeb66b90,2ab12f67afcf1d30ff734226c48aeab3116902e2
2b6e2f6830a123f3be7ef3747b4c547dab494dc5,fc2bffb70bf664207ab094de5be20d1ab57f4f52
8934ab9bb505cae461dbf57c9bc1f186b4cefc88,e25d72c1afcc8246e251812f61cb5e22045d9009
0c7b5f5441356b07aeeeeed7e95f8a53c24effab,eb81115a04fd0dad69305929e832ac64d470c77e
07d7e503ea43b1bf5dafd1bbbe626c2fb553c333,28af1af6bd2b5a087299cb5ce2ed49cb58c3402b
7758e574c8a494ba9c3c8719dd784e40176b7238,d358c8576c02307b5289b08e55c894d9f6bf82a5
229a2eba224dc83e8a23dd5616e9930df40f41a1,be1ca769735a651018f8593dc350d00a939294c8
04a65286f91ed4662b6ea3231fc82d178f138f8d,f66a4d37b6cc364558196571f41c01c5edf5ecf6
b31ffdbbc5804948cd6f208920c5884e8b3a2df2,b9bc59604c07110d4d02e4b3734f98568383bd48
c921db17e5ef70c050be45e02c795f4e8b5f3536,2b39f3f97b133f2631cddcb405a6a0fd8b0c262f
1c2fe2ccbf98404420e2f5e427be4f831cdfa08c,4a61dcac055edf25ff839b4f60c808121b56258c
5d37f9d735957f14606ab5e43d14d2a8856cf40c,49353c342960ac272f1c483205073715df988c78
0fe0cc15ddd5bdba49409ba5715a589d5ea1db20,c26cb02c45508d65fd33ca94cd2294f9b8f53244
22030514f1c22dbf0748d7eca4c8ffc6000a00e0,f07321618194d27b5d9811d7a39d5b3af2dd5913
19cfbd7e8b9a53c047f6e6a024137f50757f3e5b,70702e103d5b60b581a785f5a3b8c9a116c0357f
5531608af34ffb4dba9f2550890b0bd550750bbd,4816a19885b8ee94826bb7e0ec0177211e25ae7f
fe5f4d4504a64f55cdd414ed33fe0b983c4e665b,9ca12d97b871e1f89753b7bb507bb85e9db2f249
6f4609e45715e4931c7357cb0889539787093cb9,336caa872630b1b407c027499cd683450f5422f7
1aaf0d8b4540c033f7c89a03ab667a76ebc3252c,f0e919172ef71ab92cc78d812b77a8aca3b0a55d
70a84e7090579cfc94703a74fe94346329252a2d,f601a0b56350b1ce6dd61f4f56288e044c1c73a4
b86c5a6e62cf2c945e6d29abafcade546d78c1a2,03fd235868eeafc88afc9f978512f5ee0bf5517c
88c72ed79ed37e20315a9ac53d12216bf3819523,1f4ab0f1e51d68503f9df1ca6c36727948093cfe
4fc27b27b8a8e75f405c9d36f40c69540616f3ef,2448b93fb8dbd7bb6218525670056e66151f5df2
35350660dbce4900cfb2d871369465d1bcd5e11c,76e4313bb3b31cc8aa2815dbc2e099156baab2cf
ecf1fc247e459c1be1ca0aa37e29a5f7d26df2a0,482e3c513ff0c321441921a4f1af4cdabe5dab4b
f27b99360d9221aaac55481f8a1f9f9867c4cba1,d2d5e2432d9c0233acf6b279c91187a6b5249f11
d042ec3640f357d52ea794c8770c09aee4046481,e90a0495cd82a2bf93ecdd1aaedfeea5e9caeb7a
dc9ccf2278914a1903c06f9df01e924ef83a9a43,e97e263053157132248bfd2c9e3eb9376df4cb70
1befeef2e3d17312a8020311f6fc280c67649fa0,cd1eab06223ece78eebc99853af1061673de8962
610b9fdb7c04d84c5fe1016eeb91bb87227e120a,b4230da9a382f2ff553df54438b477595e981b56
5821637519d2e9dc7abfcf5f946bc975471aaaf2,b8b75651e4469e5bc0c520fdcff30976ce95afd4
5ab1964263a2177c40a73cc26ac18148d6578064,12c755368e28efdf45115d88f29a1653bbfca291
826fe46c70e830d300cbc99e049fdba6f0a75732,ee7c76b796bfa62494658a8a188b364f65835fc6
4c089f66d36c7dbf6268e28ad3b8211408d6e1a8,054cf55d41233dd3c53b184bf8f1b7128b4fc170
6d6c29e758e81cf4ee772c103fb7057e0629b794,4874236a750af133b845948148833fea354d2163
31303afe7f01f570a699c6e3cad97048e84466cb,e82ff2e3ff1a6cfc910afca4668b772c58c33ae6
485d725f995c8ddbf09e6b573d02c5cb0ebe6301,a8b8ebf8652c3c4aa260a3ee98daed78aa73b8a3
2ebc53974889d7e55c3a67f82a921aa6dc6d6954,2fd4f1d8b0d0560f47a94a66205c80272b7ea5a0
98668dbb40ce202e1d2794b70e0fabc632a4d393,44878f7d90d8f00b585696b2e045c18a9d70f669
1ba58813ef3924cb6737a7463894caf2673556c2,3e488500d5685c2918069af843d8bd8a6de06ad0
426095fbaa017ef951fbd8bea7ebbcb934b093df,8efa4db7fd844fce6f4d45053571f35aa165182b
cfe09901da90ac7ef320d0d884b7b3b6eee88b79,911d700fb6e3bde6f95990eac3c9473103b38027
20183ea4d30e6091d982b755dd84ca5a9cf47c63,4577b2d3b8ddc36099028495f0e72b01a8f35a27
b8a6f7d0a15532e6fa9dae3ba79aebdd22776161,004c2850249cd0576df85db0f78b87ab7d469136
c418e7a4db62cc3919dff906ec047c4a7a4e2c46,b5c88d394414d71be5710a3e68f573b41136d6eb
ac316996252c32d15bcea4fa65857ae553b9b9ae,9bc866dc015464cfa06d1e9cd6b695dfe3341454
5f1692bbde95f5ed05af15724092767ab2f8f273,db180d7dccaf0f17ea3f537c4d3370e68ab1f424
c4471bf8bb5585cc4653e83cefdd4d55d452808f,cb64eaddc8c7c6f502b9cc9137a20e2768b340b6
950f7b1f0a39bb7ea5377aefa25e70df5ca00e9f,55128622b304484de4c6e188ac4da9a8356bb5c4
8576d919b6d3ff870df5e049db0a855da2bd6488,64868ec41ddfdb217957b300b3d8bad0a9a2b8ea
e534ce4a06fc9dbe0b7754bf2762f992c82d9e94,5dfd44d86ef941642646d00b81289ccf5dea96ed
3eb50e27ed8e8e53291006ba8475c275f9c8f13a,f2bbf349807556f1350c323453441f1f07d80adb
500b2c8a4bbab87d5c0a16d355da598cb9ac4ce5,3d596faf65e4b7aa532fcd3b8def6ad7668ca120
e50cce0b0413ef8ba33e9fcae58f9135eebd5479,146066b8fac31bc3ef311bd8514930d8509cb3a3
7bc027db6ce702fb57050c5e8b53cf72c51526db,ba58fb7639b04a7fb21bd67f280a16f86b891609
8fcc5c1e888d007a2d92aabb480e3758c2b9c47e,ce84b9513478cd8539fcd3140589e9c7e84ec1ba
25cd5c409b281ef89a2e7c4d919a755f37692ca9,62302442a9c81e31a848c2059d8680ad77e0f8e0
b52f46fdd4bc110e8c7b45631ab68eb046e7ed60,20ebf06a54593d279005f5c95d6fb8305b8b6bda
9123b527401f7901779f8f60427f6130d3296ea6,831bfc9f5d26b9c5ce1651c5605042a27e7302e7
6d0bf83ac5f5077232b269cfc0e79277b9f01f88,e85419946c02e3b72a057076d8eb1182646fd4dc
1dd0f2ed3ed74471649fba37410c738014c55b66,e2a5feda89adb7e237d12c38b90b7c990ef704a0
a58238eef35d730f2121e491ae48cd28779640e8,70d1cb4f73162ecadd24fc4f074c508190fd79e2
e68aa49e8ee241949a01d01aca58b877765bbe27,26f28710c9423f6617b466f964758486445576d2
a354e6f06ae3b77b843fb61ca590e4d06290f0d7,484d7e4a7b911afdb2b24457a9a0ef62e90144ff
9578935e496600d78c52768b4a777ec17c4ad724,9e8477336e4a787a0834075236c6eae1776328c1
974736f47dd0c345fdce053608a243b42693d7bb,a42e2600be2b37a5f30ee1229126bcbd323caba2
a0005f0d4cdf2efe47e8464051c8980ec74ce351,d4cdc0b73df7f952ec28c5b2c03d07e407af00e0
632d608b03b94f8c56686461d3e9439af1c3cc5a,68980e86e97bc41e494642bb8b249ad644f71a96
632dd7eed80ab0cef8963d82f4c2eb1c64d9e4ac,ced7baacab6ef74db94864f7f0e5cda4dfc95b0a
c70692a219d81f68eade62e5f1de416a9c50e9ef,3506d7b7fab74e49ac0130c757a65fe7b414c630
2436a30afcd97562d0e4b34638ce40fba5a138ae,d49390ad01ed543b980cc9417974883254df8b24
63f5eb2e020e5cbe19120f432834c2f67c0c1210,6cf7e5052337a4c4d4e42c503ea3a124475e11d0
3f8143e2b56e25f8c92f7e94dff6d5217d6fdbe9,7223cc2ec63143113a091cc58eced5a5589129be
72c277531a8f2f1e8a86d2664c73b68699f47a7c,b6abf24e4498c5685f99574742ff1a0d6beeadaa
95690c38503fe19abe0c7358dbd764a45d38bfc4,d3c8caaeeed25c0395b3001aefabeb9fa36eb216
75f1e8af1ab298c0cc2140a1eb9bff937e34c186,7194676a944899ff6c68506d52847e0745827498
f40bbaf6076defbe84c1969d81ca13c8eb419e07,86bd47742d062dd26a4be5c8be1c1facf619d444
07935bbe9e6fe66836526b7a1b64fc8cf4b1812e,15e44729979219c6036257b0a2b84a1698978226
33ee60a34757a68739602a8dce5b04be69ad856b,3343296fab60fddcc402c26c4516bfa7b9618ff9
3d0e1642db376e117e564963e49b7a7887dbd4b4,4d35c4143d0c9566daea7bd0a6db4ae3a9695db9
f69969e296a9ada8dd79941e20c49e5e77015fde,9424d15c4f236220dee2e284c0ffc934cc0d31d1
bb0814922bddb6fbfceec1f7ad6dc6ff3826d03d,2e729ab0108213b063b3a3b43fa747b2d2629ec9
e2f0fbba2af227d7b820a07d401da1321b4a3831,493d13abfa25affa19e2a9a2dfb3b103abfe6994
0536ab34a7f499a8ab9592bd5ad7b3b16e6c91b3,c8ac8be77f2812c082f59eb8c73ced3a671200e2
514a88bc554621091ec0384802b24fd9737389f4,6a5f23159068ba068a88a5b7f224e8c4126373c6
f4a5c1f08d74058e80524abe829875c3f4062e6c,8b9c99cc0ee2140c6cb7f855f317811978b7f3e0
90b3a352699bce7363764f215275f96fa9a80ce3,2c82c2a49f74b63223acbe7ddf28db48a079c06c
faf92fa73b510fbf68f807d882466703a3714388,72334ceb729912b60d5621448f5c69041e3852ee
b03136c586d316aaff9da411f507f03997cf06df,45280e9a9f81a47503e04f1556394fae659dca0c
e1a942c9085ed1a806b89328a61f9116ce7426dc,c281e3732e02c8630bc020e2677b80d31dd24815
35392140111ff3013d7dd8ab4be29dc1f1f5302f,d7542929f1159fce9063dac64077529837ac1425
6272c7c98e2050c744b2ef86a45aa8b49f97792e,ce9ecfbd30f2353926d8dd2ad81463e530b36dd0
050811093f5331099f1a1c12b0b9259864c11f5e,ab43530489f91e9403e9e8554918bb02c1c2e931
471560c25a3101c534d7f1c4a5f56dbdf9591d6c,d1314861fb9292f91c1f79ef54c378318d5c64a6
7a00513340071dbec982ff498c4bd9cdb28a68d3,ff74394fd4b1b80bdab193e9ac17c8ec34cc8103
e84aad98c9f7640614750922769b02ebd50b3d12,340bbdea6c4dcb593f863800a2f63ffb35f983b5
b35752ffb6d01d3d8a0ba41c4ad7425e216d320d,f81b3cfd9870d65419c70983442b3dd6738ecf4f
5eec4e12d02073ff86723f66ceb67380b1cf6990,f9202d381faab742c5b370b90e932ce9d2324900
351fe7953421946c8ab0ec90b74add73eb6a9242,969d43a0fb352c156c915c54619c3d50912a1b84
5f4a35a3c912d0f14f07dceaf5a8748ed014abe6,76007f7f60158b1249d44f4b94096516a460ba00
93f2f21545d5963fc8d8375a98b1ff3c9fddab0e,add3c4e7969d0c738c784a24a1302ea1d507f889
9bffbec7ca23d1eb7211a29edc75f5107b81cf6b,0c6f1fc462d5a64c3bae4c6d6af819ad8519baf8
ae7e8c709d27c2858afb93d8af1c7178cb24707f,12eb9e530381b2fb9e44c0304ab28976125d5594
7129b5a1b27ae25f305f304b0b4eaefd80159de4,2ac23152c3c48030819fa1a0297063d77f5136fb
a05b70bdb480840686421a0ffdd60cf841275fab,6db5bfb551b9dcc38394039e33e2c6da19da4881
b6e0ae90f876bc596c8a07225fe18d83c0a79cab,474179abadcbea0bb0ffc1855ec55afaa3e1ba06
de1b2a5bf5b221b1fa4e9d13724b81adcc2775a0,d2ff79648d74ba9dea64b879e355962c79c24a08
462f4a0874f0b56d8c80cbeada39db362ce2d537,52e24f81871f1e50a2615f81b03c529beaf995b4
6815ffc2125eb48de05bc068c836b171fc064563,e2eba6f12a574b12230bafdbc838acfcef98a8ae
34513f8cbd940e167e47c5f3fe9640360b8cf172,e3468d839a0563a52b47b56a5211a77a0b1eae6e
e9d67f637a55a63bbea2373b904aea102c2ab0d4,fa85b2b1d23d2888d5f7e9c6c0bef7898fd1fb34
0310d189c8680335ea93895cd7b29649a2bfa53c,72633aee0a34151c35158ec3131c3cac07a03c10
ed9875cb22b7d09e10d24e003a3ad2eceae6bd33,7b62b8937f9599a65687312e05cbe4cb1fa76a29
107b829ed47c116477b02b22cf97e72d89f00931,6d6674ca0d91c9c39f68550327a43fb2a74363db
5a46b5a84b9c453b212ab519525e8a850f41940f,50dd2541d437491fdd97898defa4d087b0640a5d
86de0d92d26c7ab4f950042cb82b55bcf5ffd176,dcd0acdd96f98a3733fcfb1c643be4d625fb9c99
f8460250b2588fab4a2747cb626b47703bb76e06,d9f609d4bdf4df7e19ca3f26ba47ddc5030fce32
950e4fb9fdb79dcad545b10e3f77df9e07c38a29,f30f292df0ed779bcb720c76fe77908823159a51
9b6cab39b482eedfb511be41ff2a66a103d7e164,6b63975b5c1560b371d3f45f46195b4ab58a0335
53ba7fc3c254e04e36f3adf44c61929984263067,dd4de625b0eaa3a76a4b825191b02257eebbac3e
ea6158419f365fa362fc1142ac920c2dc325eb53,49b64d0fccbd7a420bb9d009986333d20e84e275
7c2df70e5ce2cc0b1587e2be784f10cbb80deda1,90c6315e315e275ffc9f0785bfb7c8ea41c805cc
f673842ee2b617a121127fa128a5b4c8f96bdd73,8f6c3ef6ab8e8c33a63411ed03d9cc5bf5a555b4
2f766b540cde2f571982464a1aec6e7599e22619,2984973685850e57f3a7880e81f4ccc8c9269467
106b9ff6001e07137daf8ec7a2f6c43d7f12e876,fe441bba9929509c06a74df32ff1c20b6d076a67
a35ca2cf75af594369dbda9d600b77a969174a82,53e510f7e0cb5dfb087d170fcb921cd4db65238d
300fcccdd8b3d05c7554b85510d9edea0e1ec9a5,bfe2e9a34192d6da982ecd979ae25e745abf1572
ad0a9ba53e6c2dd37ec9d2c7187cc817eff9e199,e1ef2b8768d67a30f4a2fd5f7aa6edef56c0ec13
b78751449ab19bc4418b7a41adccd28b4beae979,d494e629d96a45153d78927702130682f9e7c1b2
066af62c4317e33fdc713254681949c840f4a01a,3338d9cd3a910183f05622b2b20f2305d74c18a0
4ff33838636ca2cea49678a1491e7514de45a52a,08c46fdea17e3975d3a2c7c8c0524aec87fd421c
560aa6fc3c22013a19350106556760c9402ecbf7,c60eeca8dfba429f0f668a603214073a712b3595
3b6b000fcb502a62e5c3e46c6268c03c48d80005,8a554e36778f43318009c749f3296f7504c9af13
199e2d87d6d5b2996dfe89064bc5dcce553ad40f,2865b10183e451507452290310bcce65d351a5f8
6ef83337fffecd39e9e3849eecfc67543ea6eef2,745b46506e29df0a34286bc4b13cab0e0a14a4cc
9c544265ca8be4d3929464d42ab1cea372ab94d7,0f564ba780de89da038ea8d2ccd419805a492b5e
e02c8110d2e2a248059469067e3d296805399682,004ef38b645181f8fb45bdd6dc733ada395df932
a5a73046801c81ec541625fcf27eedfef2fe00a7,a8ecbd4f2394b97ffc8c31c3e12ba5d404b88940
04c25fcf0001727b4ab63737da12d807f6cf437a,5e8007de27db0c7ca8931771e25045a94612602e
2f91a7cbaff7ea5cadc903cf028c6937ab54a4bb,317f260c9b1202d491643e9d210422ddfbbfba9f
839eefd644c8db90997ea1bace16d551e417c181,43002c137427aec8df8e603803c916a1c870a37f
5090957b263679d253ee026e6c5b840dac639dee,8264a73bea73e168718dbe44a16ef357792c9933
ab67e4d1ca1ffca10cd4e7333edabdaf4955020a,d5d1a645945f29a417385f7bda263dde96e8b725
e2ec217440cff5c00d685e1592924ff150d14dd1,66fce4c4d8f1e597a07a1db16dc941a2485b625b
fa071bdf128b6171d816db81913e82a941955915,a94a97627855e0d8c21af616d0db3483e24fc361
cf447f525e4018c0129d531a89b6fedebee277de,f5551f35e2d0897cc2e8b5b9071b41339db38aff
3cfaaf38bfc91abd31ff92c882f3a30fb6ec4d3e,5cca33a5c5fd60771e75616a438a492a299ceee9
53123d648e31f9748ff982685cb76813002d5449,29d288a57e9f006ad80f0944c7f40db4d701f7a3
09ba216398bd7565632ba28ab805dd89d49f8914,7ab518500ab00e43ef2c07fc52970401f1f904ce
2a25029470c4ac3ceb5b4c3c61328cc4eb3814d8,91583ee4538607875091ec7e2fa26ef1247b8e19
7784c8b0caf98f1674fed3e5c8a76cef109b6162,6fd9f5af714b274f23525124f2e3b06502663736
ec26b672df3a29399b34b7fb588e063a6bf123b7,69731bf9351be3426519c19cdf2253cf08442c66
fc1815a1b615e84a6ebac6b83607f2c7d43211e5,14c91cb62fd4022be0f6268bcb1b803cb207514a
99449165e9415b08dd2915926402b1cd3d0751b2,f1b33a90f00cc9c4855141399d38b17c668cb168
e19a7559aaf2a3fdd9966ce503645e0592b98b5d,c1215b12579d6fc35b975ed5616bac907615cb88
5efaa3f4a5eafc761a035fb0d35a6e912d3c91a9,eaf5e5e6727c1479961b27378d8a135e6b201564
6166ac666bdf5aebcc31c86e545442b0b19e6732,138393406f12092110009385c3ba7f401de201a2
f647b37970b3b280acc94d0af9b5e24428f7e126,5d817af6feafea5690eae7b316675e5b7f51b70c
3df89fb6e4c09701abf4be328cc918cea8a3e173,310a25821eb0629c3f9ad6792db47715ab503637
6bc4ee65e99e17f677a1d08436c84408603ab8c0,ba4e88f8f771e210bfd4d15f3367dddfc08f3490
ef90c908a612d4467fd636d7936f93edc4abd61d,ddb72c0723257cb9cf7a5b1e958d67cee4941c8a
997d974316e136d68200c04a7aa0a107a3c4df51,a4280a34a94cf54634c4a2ca38fdc90cfe061412
1ff7f8d91c35810d574e2bf851656e2409dc5083,9f06117c39e192135ff85e6efd79b48000fca1b3
441a4df195b9a62bbd9b0c29add7a8fe5c996b4c,f8c92722bc0bd85a9365e5399c797cc7b4a7cc7f
e7d02fc7cb651b994e39259c9b97a927b3f65888,a7ac53936a164e160ff75f5c82586e3cbb0a396c
90a8bbd1966006940f1ad5708e168e0bb04a8fd7,d22830dc1699b282b4409f6f8a41236dccb0df62
48d9c0861ed7047ca25fb4e4f067b56564b8b44d,73ddb79e4909ffc8eec935af13d3b44ae41d54d7
0000840e8126858e072069e6fbd18808ccf05a3d,1be538c1d5a14c0360070c47200dfe7a1319f244
94518c332879f9b85eafdb0a4117a5c2807b1359,ee45ae74349805299fee0d938614558bf9fa7a39
332b9fe0532dca04ea42d63de2573f3fb422f2f5,2ec1de5e930b9061b91baa0e0da2021e50ae5a70
a05a8433dd055aae69d9b9ab39094d42c390b63d,3c876a97a8322edcb53e9768ce5fea0ef0828f3a
10c3b596161982b00c3ee5e3c9047a26439bd028,554e46651af5660d08db40a178bdf9290937e2b2
e86d6d4414b2df6bf401a44f45cfc4db65bbdd4a,94f33dcfa8046ddacff56649047175930a3f2bda
b9fbf619327557aac585af4e6f7ddc17b930e228,f332ec3f301d187098e644b506ea7e6c487cf4d9
31db74432027f370c6100124901d3defe324425e,180d8065ccb8328e4e7cbf2c92149d3ac5ffd6f2
c5f2e8e05f3a93fafe64b4a42acc89a32a6ea66c,905b8999e76e0d91302bf995760fb78a5ce2ad46
d0f83e1d8020982904d5534c79c998bde60c1991,415922aa85811f09e6d44fdba41a2fe0d0a73d66
5b0920416eb125f00abf3ed08684fef918104063,4bcac496d49bdd9c730d325b100aeb7da615f0c0
dbe5fdebf7b828255208b4143aee56b91eaeb67c,056382ebad9483c76fed2707deec53f121a4bffa
3fd6a3f63de453421de53087b77407b34f211612,b7e7c5614ae7411b49ce9c10013ba93003e7e34e
eaefb1deaa196cfd7dc15e769196d2f860422b1d,ad57538d640eb7625f8ee476f926b6dd30f4b197
53adb880dd3f213e2548be5eea0033ae38175fc4,99b401e23c5280ce32deb5e0cde1c6c34ec0b11c
32f3971f089b7048d5f6bdc4e8618c9983393755,4970a6fe6b0b8da264faab202241d6b7c72b769d
706f2fb0ed5c0e82658ac48111bfad4fe0c43990,6fd49af43e4bdf8a3dc497f87b92dafde3376846
80a91419c9f314b05a37212455cda62172e255b4,a8ae2a786785da2856bc388a6718e988e849b0d7
033b9974e6583856e836fd178c691f44dcf16a3f,cc38e812a27cb49b6024428b23fd37b99d22460a
f3b80b0a8f739a5a05f89d064257d713faed0cfb,fa6f67a3d691608d53b06f2563fc9f12b834cca3
173a2ac0eef411cb0a8f5202cde7792a082d0cfb,04d26beff1739d48445028bf76fb403d4e29012f
a0bcbac89593a81d5ab449f62671d4b7f4dce70c,2ef8fa4a5e4bf46d3f206e13c5d4aa317083a28c
a67db5efa10feedec85508ddd3335ee22ea7bf6a,37e5e1b57a751c456598c934dafda00b5ca5a93e
005f874cc2a6e99edf0f650b382452bd2294aee0,2ed83fee3aefe4d4c1e8d49ebd1144f9711bbfa4
e864c85d0af77134dc0485e645080d43e796dc06,3fe2081f49a8b84b45ee1337e21fafe3b54a8fc9
087e6c6439bd0de37ccdbda9372c5c8356173019,161d121e6a6caace5c71bac2e3338380ddeafd18
dcbcd137439ede80a8a04eb3a0bd348e93e3882e,56eb51395418da33e8f1ec93c88902c14a233410
c9512e4c06ad1c9b3fc94ce075fac711745fba16,78bad73e837d576d0196905ce50457581aca8fdd
33a81091eb1e5e6937f88632059feee69651225c,5766812c72e45c6da159456180992c838d7287fd
1c6c97707eae6536e92c8c8e5a1fe063cc0217c6,d73a0e777f28c66d507418b2f7f75370827dce95
9869bfbbdc3d05a514aefe18026aeff7a2fff21f,701746b9f4eac1ea43fac636d9b9e89046643711
b9ef29c9685dd9599fc2e226396b4fdac22cf65e,78144c5ac4e0f0bad3e5ad4ecc3378530c2d1096
955d3199acbd4d78e948afa4a801dd1475067777,5bd4626fb058dff8648fce704265c75f7b46a9b9
d42c479ce89b30dc5e5bfbf981d1219b5f67176b,927be6100d972a684bc5a2d1a8078a86e8d6668f
6829c99748977da29ad6c6a5b5abc5fde5b34e33,e053d4ab8464be7751fef6a313486406068eb3e9
44954aa8e73684a1400e615b85ab4109236533a0,27c1239dd729a0f6dd1be850867283552013477e
c25ae6e4d42292f74983449f21a1fb15c5c6f451,8de2c15a81ff01d1d0c23b1e7482adebbffe6d55
f38e5397db4270745609a97f8b10d7e378bb3b12,706e0045939bde9da2ccee8d29b80acec5c18f17
81db9b537b9951084e758bf43544d2d99598dfdc,6149f097ee3b83f2191b9193b586f9117676bb3b
b61c671a4cb37d6e496fae49803e1795cc206181,56550a3033c2ddef495f01eff783d4a644ae57ce
9f140226f9dc1cff2762e98517826764ff3374be,fcd8e7aa139da3692e8ecfa866c1d671803a77c9
34dde705a96659e695e8b23a1b64c323892c5acc,7ee664c56e578ce0507f4792be91e45f7bdc7622
7d5d262fd5fff6ca7ebb8b50d3cfe3cd5a520a7e,040ed21208bcd7c2aefd3c03b6f6d9893eb4e269
6f5cab2cac65f1275f5a1696a7cf0b71fc8368f7,54613f424aec127edc8f4a927a9742ea4637f057
28815029629d7f3c400dcc08d63ecf01848d886b,04d938ea5fd3ed7c50ad106de7bebaf6adcd63d1
9b8b5dc0cbdd5bb7c01eb41738b73aed11894e47,bb4434adecd283cfb9767d51d8229d63c79c39fc
f28b0f5ea6ace1275f1bd9c971427721fafde9f4,736744830d912108f1dc1bcfdd11847990e38a6b
eee3635f02ead42a741448b7c159a94816e4706d,7a4ffcead683dc9dc6cab96a7210e7edc7f2633f
62a067b420518802d32f1e2d2b6f4f6cd486b7f7,da055c9672a77996aad3530e281213449f9f90b4
33bc3f14856e46dee2a6cb2b951602487e04055a,5285c290f0402f58edad59ac2c207121521ac328
6dab80b49618eddba8e39b7d863634c6e3b11b1e,d4a64f80564a9d2a94c087f1cae4f618947056e2
8aa78b903825c6beab290278a974673b9868848a,98a8d1e8fd8fee475e7616e735fc15a0cd367700
d229f8bc3d43b69c8846381c016b6b86105bf00b,a09922c2cece4bd28e4fda9a9325555a915c48ab
d56c38dda225d848ebc853d068b4e9269b1a0266,478fd6ba3ce34b5512bab6824a04d36840bb3f6e
315803ea84963eb988fcd204f18598ec792bead0,5b373d79107b961fa2a13d70efb512ff4dc5767f
285573a4436cbde5bcf765d89d281efcb8d5117c,fd1d09fe568493cf75a13791d9f3235fca4b6a63
860720cdf23d73d8697b0158a8d574aaa8c503b8,8ba8133e8fb816e2eba9cfc04dd66119fd4d0add
6e9eba4fafe69f45f6e92edb4a159fec5902057e,7c9b477dfcd4057f17104cb49098340ea6da691d
d7aa1d8f724f40a9ccbedb9afe33413df0333120,3577aa1782ebaaae3be3bf575763c0b62cfd516f
d6292d6bf196ec114977678d6c7e0f930f57a69d,17e394d1bcdc7f1705d03971400ac38175c91586
8d65dd481f006fe4133dd536a145cb88288d4eaa,16d1780394e7687f8dc2da59a31c8dab35e32491
d1305209f8e73ef0d06d9232d05cb053a5898626,9db2577924e2e13affda253c3e89a51e082e41a7
28e223be6631c03e3342eb8c28b08bfeda4ce985,ab6816f23709ef0131ef8c594b32690e2ac8a7e3
095549de2e288672ccae2a64bb1fbe282305d803,e5cb3face5b4751e90a83cd31f067420597c730b
dff9c8a5b1aff12112f9cb14cbe7d4071ff6c407,6bf14a6252cc002494f3fe018041dd06ff953b93
d6ac2fb61ab34aa968ec16b9046e17fcecbc7c73,c6f6e7296a6df2ea50d709a3aae1f867ea3037f4
4ebf12f12b33d9fb74358855f18b09ffd36ffb68,6bfc564a31c1bfc0693b02e7045b3b94d123ffce
c3d038206b569316b8453c7a3b7e2bb0751e4e10,8f1738d58920fc56ba021b5e0f8dd6d745604354
1b581757d400572d20e7266f6d47ca09a642bc77,ddd820b495bcc2a7b8b01731c0e5ce8f276547de
a480f05f01ff2b312f0fbbb4a04ca12160ef7268,3d151edf09c19799080b7b300baf3376c908cf11
56e689006cd824f63e429c9f493de14b142d51cd,d23b7623aefb2b8c1e9ed8490fb6de15c4787bc9
13c8f38ae4cb61947785e3e3c975096842de679b,0a67c72f56f75977ada9e870b928620c156d30ee
05dec10f2b3c0d9429062ce35c53aef70dd4d066,1d83e3b9b83284ed1a342b6a8e4929e416f64b62
c64d65242f8eb2da78554fd51fb23047d043631f,ac2e7868bb0c7f615a97d859ea69b1d82c707657
e80d93f1d6435fddd0aedfe5417be0362ab0791d,1ee039e76067bae81268484e9321e382653930fb
dfa4c8f9e2552c55f282550c588f8ba462f6c56e,b511838b0306e220c08496e14a770caab612c148
3df6cc9d65271b92dcbc3269310d12fff682ddf0,61a93dad28a5ca59f77a95febd5c607e0f25b88e
8334dc4103f70c19d58bafe4eb11440b2456f92f,43d0e9645bc74a380e04cbe57132c6e69d164595
3da9d9ed8d1bf7cb1187bc02ed8877a97de612e5,be96acd3520957537fe338a3cb38b5c0d3975a48
515ee80e44cf59272d2758a7288391f77b88ab95,8df828592b08c43c91c9759266a7c01778ed282d
df4df2a8377975221e7112a190f7cfcc5ff185c7,7efaec57b93b70614d75470218004f41b7eda595
bcab18ac67c2ea4897a0120c7d979bc06113a1c7,c48aab59b6883858964d7ce55768b53767e9f177
8746b8152332dfd501cfba71a58b36654cbcbc0a,8eaeed8c45063beb8fe9b94a7ba7568277bd31b6
58078a717b19a60e2d9c0ba88fe7e01a181d6be7,7e062be7ecbb2f7e4b6fdd7e088496f7584046b6
